"","projID","Num.FP","size","mean FP size"
"1","Warehouse Software Portfolio","16","86","5.375"
"2","Mega Gym IS - basic","11","56","5.09090909090909"
"3","Mega Gym IS - extended","17","101","5.94117647058824"
"4","Battleship","19","70","3.68421052631579"
"5","BrainGames Rizzardi","18","103","5.72222222222222"
"6","Impiccato - Urso","14","64","4.57142857142857"
"7","CasinoNatale Bonomo","20","116","5.8"
"8","Poker DeMaddalena","20","124","6.2"
"9","Automatic Line Switching","14","66","4.71428571428571"
"10","SAVAT Gateway (SAGA) System","19","117","6.15789473684211"
"11","C Registration system","13","90","6.92307692307692"
"12","Tool_FP_CFP","60","252","4.2"
"13","Rice cooker enhanced","7","35","5"
