"","Proj","n","band_1_low","AFP_band_1_high","band_2_low","AFP_band_2_high","band_3_low","AFP_band_3_high","band_4_low","AFP_band_4_high"
"max_bands","Warehouse Software Portfolio","232","1","4","5","5","6","9","10","23"
"max_bands","Mega Gym IS - basic","237","1","4","5","5","6","9","10","23"
"max_bands","Mega Gym IS - extended","231","1","4","5","5","6","8","9","23"
"max_bands","Battleship","229","1","4","5","6","7","9","10","23"
"max_bands","BrainGames Rizzardi","230","1","4","5","5","6","8","9","23"
"max_bands","Impiccato - Urso","234","1","4","5","5","6","8","9","23"
"max_bands","CasinoNatale Bonomo","228","1","4","5","5","6","9","10","23"
"max_bands","Poker DeMaddalena","228","1","4","5","5","6","8","9","23"
"max_bands","Automatic Line Switching","234","1","4","5","6","7","9","10","23"
"max_bands","SAVAT Gateway (SAGA) System","229","1","4","5","5","6","8","9","23"
"max_bands","C Registration system","235","1","4","5","5","6","8","9","23"
"max_bands","Tool_FP_CFP","188","1","4","5","6","7","8","9","14"
"max_bands","Rice cooker enhanced","241","1","4","5","5","6","9","10","23"
